DATE,GDP At Current Market Prices,Goods Producing Industries,Accommodation and Food Services,Construction,Utilities,Other Goods Industries,Services Producing Industries,Wholesale & Retail Trade,Transportation & Storage,Accommodation & Food Services,Information & Communications,Finance & Insurance,"Real Estate, Services, Support",Other Services Industries,  Ownership Of Dwellings,  Gross Value Added At Basic Prices,  Add: Taxes On Products
2023 4Q ,2.6,-2,-5.5,11.6,12.9,7.4,3,20.7,-46.7,2.7,8.6,6.3,1.6,5.8,14.3,2.2,9.2
2023 3Q ,-2.8,-7.6,-12.3,11.3,25,9.7,-2.7,7.3,-50.9,19.7,8.9,6.4,4.2,8.6,14,-3.4,10.6
2023 2Q ,-5.8,-12.7,-18.2,15.5,27.3,4.4,-4.7,-0.5,-45.8,24.6,7.2,6.5,6.7,10,13.4,-6.2,2
2023 1Q ,-2,-7.2,-11.9,15.6,21.6,7.6,-1.5,-1.1,-37,48.2,7.5,12.4,5.9,9.8,9.2,-2.6,12.3
2022 4Q ,9.4,7.1,4.2,17.6,28.4,2.7,10.9,15,-2.8,51.1,9.3,12.8,13.8,7.4,11.2,10,-1
2022 3Q ,17.5,9.6,7.6,17.7,27.6,1.5,21.7,25.1,48.3,55.3,8.6,11.9,14.6,11.7,9.5,18,6.9
2022 2Q ,24.5,20.9,21.9,12.6,22.8,0.7,27.9,33.7,88.1,40.1,11.1,9.9,14.7,6.6,7.4,25.3,9.6
2022 1Q ,20.9,24.1,25.3,16,24.7,1.9,21.9,22.6,90.7,3.2,15.1,5.4,14.5,3.6,5.5,21.9,3.6
2021 4Q ,22.9,27.7,27,45.1,3.9,8,22.8,30.5,89.5,1.9,13.5,6.1,10.3,9.8,0.9,23.1,20.6
2021 3Q ,23.1,29.8,25.4,106.3,0.3,11,21.6,27.5,80.5,-2.3,18.3,9.5,11,6.7,0.6,22.8,29.7
2021 2Q ,31.6,43.3,37.7,174,-1.3,34.3,25.7,29.9,87.6,28.5,19.2,10.3,15.4,19.3,0.5,28.8,122.7
2021 1Q ,7.7,8.3,11.4,-6.1,-1.1,4.8,7.3,14.1,51.2,-14,13.3,2.3,-9.5,1,0.8,7.3,15.5
2020 4Q ,-2.8,-6.5,-3.2,-29.2,10.1,5.4,-2.2,2.7,0.2,-30.6,17.8,0.9,-12.5,-6.9,1.4,-3.1,3.3
2020 3Q ,-7.4,-9.5,-2.7,-52.9,-1.2,-7.1,-6.8,-2.3,-3.7,-37.3,13.7,-0.7,-17.3,-13.7,1.8,-7.2,-11.6
2020 2Q ,-14.4,-19.3,-12.6,-66.1,5.3,-15.5,-10.8,-3.2,-17.8,-51.7,9.2,-1.4,-21.6,-20,2,-12.5,-49
2020 1Q ,-0.4,-2.1,-1.2,-10.1,10.1,-1.5,0.3,-2.1,-2.9,-24.2,15.2,8.2,-2.2,-2.2,2,-0.3,-3.1
2019 4Q ,-1.8,-16.2,-19.3,-1.8,-0.5,4.7,3.4,0.8,5,-0.5,14.2,11.3,-1.2,0.4,3.9,-2,3
2019 3Q ,0.3,-6.3,-7.9,0.2,3.3,10.5,2.5,-0.5,0.3,0.8,14.9,8.6,-3.2,5.2,3.4,0.1,4.5
2019 2Q ,2.1,-0.1,-0.5,3,-2.5,5.3,3.6,4.1,3.6,1,12.9,7.7,-3.5,4,3.7,2.6,-7.1
2019 1Q ,4.3,8,9.3,3.4,1.3,11.8,3.9,6.8,-0.9,3.9,12.2,7.5,-2.4,2.9,4.9,5,-6.7
2018 4Q ,5.8,14.8,18.2,0.7,2.3,13.1,4.9,6.4,-2.1,5.6,11,7.4,3.2,3.8,1.9,7.3,-17.3
2018 3Q ,9.9,22,27.1,1,6.6,1.2,8.1,16.2,-1.3,5.7,6.9,9.6,4.8,4.5,2.5,11.4,-13.2
2018 2Q ,8.4,17.9,22.7,-1.6,7.8,4.9,6.2,11,-5.7,5.9,4.1,11,4.5,3.6,2,8.9,1.5
2018 1Q ,5,8.2,10.6,-2.4,6.7,0.8,4.6,0.9,0.5,2.4,0.5,13.4,4.9,5,0.8,5.4,-0.5
2017 4Q ,8.1,11.4,15.8,-3.8,-1.8,1.7,6.6,3.5,14.5,2.6,4.6,12.3,2.8,7.8,0.6,7.5,18.1
2017 3Q ,6.7,8.7,14.5,-11,-2.6,20.7,6.5,5,19.1,0.1,4.2,12.2,2,4.2,-0.9,6.8,6.4
2017 2Q ,6.4,4,9.1,-14.2,0.9,-1.7,7.7,11.3,15.4,0.9,3.1,11,1.8,5.5,-1.1,6.4,6.5
2017 1Q ,8.8,11.1,17.8,-7.8,-4.7,-0.3,9.2,26.9,6.6,3.3,8,5.1,-0.2,6.3,-2.1,9.2,3.3
2016 4Q ,6.9,5.9,10.6,-9.7,0.3,5.7,7.6,22.8,-4.5,3,9.8,3.2,1.4,6.2,-2.3,6.7,9.5
2016 3Q ,3.5,-1.3,-0.3,-5.5,0.1,-5.6,5.1,14,-9.3,6.2,12.1,1.9,2.4,6.4,-3,3.1,9.9
2016 2Q ,3,-2.7,-3.3,-0.3,-3.5,4.2,5.6,10.5,-6.5,5.5,13.9,3.6,5.7,5.7,-3.4,3,2.8
2016 1Q ,2.9,-3.5,-5,2.9,-6.6,-0.6,4.4,3.6,-9.9,4.9,13.1,4.5,10.1,4.5,-2.5,2.1,16.8
2015 4Q ,5.4,5.5,5.8,5.5,2.6,-2.3,5.5,6.3,0.7,1,2.4,7.1,9.2,2.6,-0.5,5.2,7.9
2015 3Q ,6.7,5.3,5,6.7,4.4,-0.3,7.1,5.3,8.5,1.8,-0.6,8.5,10.7,6.5,1.3,6.4,12.9
2015 2Q ,6.2,8.9,8.8,10.1,6.1,0.6,5,-1.7,14.2,-0.3,0.5,8.5,7.9,5.1,2.6,5.9,10.7
2015 1Q ,6.3,6.9,7.1,3.9,16.5,2.9,5.7,-4.7,22,1.9,-1.5,10,7.9,7.5,3.4,5.9,15.1
2014 4Q ,4.5,4.5,2.9,9.5,9.2,1.8,4.8,-4.9,13.1,8.6,5.3,9.2,7.1,6.8,3.3,4.6,1.6
2014 3Q ,3.7,6.8,5.9,12.1,2.9,5.7,2.8,-7.6,10.8,8.3,8.5,9.6,3.3,4.5,3,3.8,1.8
2014 2Q ,2.9,7.2,6.6,12.6,-0.4,4.7,2,-4.3,4.5,3.1,5.9,4.7,3.3,5.2,2.8,3.4,-4.4
2014 1Q ,3.5,9.1,8.1,14.3,5,4.5,2.5,-5.2,8.9,2.4,8.3,5.3,2.3,6.8,3.6,4.1,-6.6
2013 4Q ,4.8,2.6,2,6.7,-3.1,10.2,6.3,2,8.2,2.9,5.2,15.3,5.6,5.8,5.8,5.3,-2.2
2013 3Q ,6.4,1.8,1.5,4.2,-2.2,11.3,8.2,4.4,5.2,2.9,8.4,13.2,10,10.7,8.2,6.5,5.3
2013 2Q ,3.2,-5.6,-7.8,2.6,-0.8,3.2,6,-2.2,3.5,5.2,9.7,13.8,10.3,8.2,11,3.1,6.2
2013 1Q ,3,-7.4,-10,3.3,-4.3,6.8,5.7,1,0.7,7.6,9,12.4,8.3,5.1,13.6,2.5,11.2
2012 4Q ,4.9,2,0.8,5.9,6.7,-4.1,4.7,-3.3,8.2,4.2,9.1,7.9,7.5,9.3,14.1,4.4,14.1
2012 3Q ,2.3,1.9,-0.1,9.2,6.3,7.1,1.6,-5.3,9,6.6,8.9,2.2,3.6,3.7,15.2,2.2,2.9
2012 2Q ,7.3,7.9,7,14.4,1.9,5.5,6.5,2.1,9.1,10,12.3,9.1,8.7,5.6,16,7.3,7
2012 1Q ,5.4,4.1,2.1,14.2,4.4,-3.7,5.7,4.9,1.7,14.2,7.9,8.5,9.5,0.4,18,5.7,-0.7
2011 4Q ,5,0.7,-1.4,10.7,-0.1,7.4,5.8,11.4,-11.9,14.3,9.7,0.4,12.3,3.1,18.7,4.9,7.6
2011 3Q ,7.7,2.2,0.8,7.1,7.6,-5.1,9.4,16.4,-15.9,18.1,12.2,6.7,16.5,7.1,21.4,7.8,6.8
2011 2Q ,6.3,-1.4,-2.2,-2.2,13.1,-2.3,8.3,16.4,-12.2,22.2,10.1,2.8,11.5,8,20.7,6,11.7
2011 1Q ,11.1,6.5,8.6,-3.5,8.8,11.8,11.8,15.8,-9.2,23,11,5.6,12.5,25.2,18.8,10.6,20.6
2010 4Q ,12.4,5.1,8.6,-9.7,9.3,-3.6,14.9,14.4,10.3,26.2,13.3,5.7,17.4,25.8,17,12.1,16.8
2010 3Q ,12.6,4.8,6.2,-5.8,21.8,10.8,15.4,13.3,26.2,25.8,6.1,4.7,17.1,24.1,11.5,12.1,23.2
2010 2Q ,18.8,21.3,27.4,-0.4,15.4,13.6,17,18.1,22.9,23.2,7.6,6,21.4,20.9,8,17.8,37.2
2010 1Q ,20.2,30.2,39.7,1.1,26.6,-6.8,16.2,25.4,13.4,12.5,5,14.7,15.9,10.9,2,19.2,42.7
2009 4Q ,14.9,21.8,25,14,8.1,13.3,12.4,31,-5,0.6,4.3,23.9,4.4,4.3,-7.2,14.1,30
2009 3Q ,3.7,9.6,8.2,16.6,8.6,-1.5,1.9,11.1,-16.5,-7.2,9.3,2.9,-0.3,2.8,-2.9,3.9,0.3
2009 2Q ,-0.2,1.6,-3.8,31.4,-1.7,-4.7,-0.4,7.9,-20.2,-12.2,12.9,-0.2,-3,5.4,6.1,0.4,-10
2009 1Q ,-5.7,-11.1,-20.9,45.7,-9.9,-1.6,-3.2,-1.8,-17.3,-9.8,12.2,-5.5,-0.5,3.4,13.9,-4.7,-23.5
2008 4Q ,-7.6,-11.8,-21.9,50.1,9.6,-7.2,-6,-18,-6.5,2.5,9.8,-14.8,8.8,2.5,32.4,-6.5,-25.3
2008 3Q ,0.1,-4.9,-12.5,56.6,-3.7,-2.9,2.3,-7.2,-3.4,9.4,2,5.5,15,6.8,28.8,0.9,-12.7
2008 2Q ,2.2,-4.7,-12.2,54.8,14.2,-1.4,4.5,-6.3,6.6,12.7,1.1,7,18.5,3.6,25.1,2.3,-0.3
2008 1Q ,8.1,-2.3,-5.7,29.4,-9.7,-0.3,12,0.2,13.7,16,8.1,12.7,25.6,16.6,25,8,9.5
2007 4Q ,13.9,4,1,32.6,3.2,-6.4,15.5,10.2,17.1,12.6,6.3,25,26.6,6.5,18.8,12,56
2007 3Q ,17.3,6.3,4.8,24.4,-0.4,6.1,18.4,15.4,21.9,12.8,8.6,26.5,27.5,7.3,18,14.4,88
2007 2Q ,16.9,4.1,2.6,21.5,2.1,2.9,21.2,22.3,21.9,14,10.3,27.7,25.7,12.1,10.6,15.2,55.8
2007 1Q ,13.9,7.8,5.8,19.7,17.6,3.6,16.1,20.6,12.3,13.3,7.9,23.9,20.4,3.9,5.6,13.1,31.9
2006 4Q ,10.6,4.3,2.9,12.1,16.5,3.7,14.2,22.6,3.5,8.3,6.5,20.2,12.5,10.3,10.9,10.8,5.7
2006 3Q ,11.2,9.8,9.3,11.7,17.9,-10.5,12.3,21.3,-0.2,10.2,6.7,19.4,9.8,7.4,8.2,11.4,6.1
2006 2Q ,11.9,13.5,14.3,4.7,15.4,-0.7,11.4,20.6,-3,6,5.5,18.4,10.1,8.4,11.7,12.1,7.4
2006 1Q ,10.5,9.7,10.3,2.8,13.3,1.7,11.8,20.7,2.2,7.9,2.9,19.7,10.3,7,13.3,11.2,-2.5
2005 4Q ,10.5,8.4,9.5,5.2,-5.1,10.7,12.9,25,6.7,5.8,7.3,10,14,6.1,10.8,11.3,-3.4
2005 3Q ,9.1,6.7,8.1,1.4,-5,-4.8,11.6,26.3,6.4,3.9,7.9,4,12.5,4.4,12.1,9.9,-7.6
2005 2Q ,9.5,6.6,8.1,0.9,-7.5,13.6,11.5,24.9,7.9,4.1,4.6,9.8,9.2,4,10.6,9.8,4
2005 1Q ,8.3,9.4,11.4,3.6,-8.2,16.3,8.8,24.3,9.5,-1.2,8.9,0.8,9,-1.2,5,8.8,-0.8
2004 4Q ,14.5,20.9,25.8,-2.2,-1.8,3.8,12.2,25.1,10.7,2,6.2,9.9,9.2,7,-2.1,14.6,13.5
2004 3Q ,15.6,24.2,30.1,-5.5,4.6,21.1,13.2,26.3,17.2,9.4,7.5,7.6,8.6,5.9,-3.8,16.1,6.7
2004 2Q ,16.5,23.9,29.4,-4.6,6.9,-4.3,16.8,22,41.6,33.1,9.7,7.6,9.9,7,-5.6,18.2,-10.3
2004 1Q ,10.7,13.1,15.2,0.2,10.9,-4.1,9.9,11.1,15.8,5,4.9,14.4,6.7,5.7,-3,10.4,16
2003 4Q ,6.8,7.4,9.8,-4.7,2.3,-7.1,6.8,4.1,29.4,2.5,8.2,4.4,2.9,-0.4,2.3,6.8,7.1
2003 3Q ,2.8,-0.8,0.4,-6.2,-3.3,-12,3.8,-1.7,18.8,-4,6.1,9.2,0.5,-1.5,5.7,2.3,11.2
2003 2Q ,-2.9,-6.3,-6.3,-10.3,2.4,-15.1,-2.3,-0.6,-7.1,-22.3,6.7,0.4,-2.2,-2.3,7,-3.3,3.8
2003 1Q ,3.9,3.4,7.9,-17.4,-2.3,-12.1,4.3,9.5,12.6,-0.4,6.7,-8.6,1.4,6.9,4.2,4,1.8
2002 4Q ,6.4,8.2,13.1,-13.9,3.8,-11.3,7.1,14.8,-2.5,0.5,-0.6,7.8,9.1,8.2,-3.8,7,-3.5
2002 3Q ,5.1,9.1,16.1,-17,-3.5,-9.3,5.6,17.6,-1.3,-4.4,-4.6,5.5,4.8,4.9,-6.3,6.3,-13.6
2002 2Q ,2.8,6,12.5,-16.3,-13.2,-11.6,2.9,9.8,2.2,-5.1,-6,-5.9,3.8,9.7,-7.1,3.5,-7.6
2002 1Q ,-2.2,-5.8,-4.9,-9.4,-7.5,-12.3,1,0.7,-1,-5.8,-2.5,-1.5,0.8,8.5,-3.5,-1.4,-14
2001 4Q ,-10.3,-20.5,-23.5,-11.2,0.5,-14.5,-3.8,-7.4,-10.1,-5.2,10.4,2.3,-7.3,0,2,-9.6,-19.9
2001 3Q ,-8.2,-16.8,-21.2,-5.3,17.6,-17.5,-2.2,-9.4,-12.4,0.4,15.4,-2,-3.1,11,3.7,-7.2,-21.2
2001 2Q ,0.3,-3.4,-6.9,-2,51.2,-9.4,4,-1,-7.1,3.8,19,10.6,1.2,13.1,5.8,1.5,-15
2001 1Q ,8.3,8.6,8.3,-0.9,47.4,-11.2,9.6,7.1,-1.7,4.6,26.2,12.1,4.8,22.2,6.9,9.2,-2.7
2000 4Q ,14.7,27.9,34.8,-2.1,35.5,-13.5,8.4,8.6,9.1,5,5,-1.4,8.4,19.2,4.7,14.6,17.1
2000 3Q ,14.6,23.7,32.4,-5.4,10.8,-4.4,10.6,16.2,11.3,7.3,10.3,-1.8,10,18.1,3,14.6,14.8
2000 2Q ,10.6,13.8,22.5,-11.4,-9.9,-8.6,7.4,10.8,9.5,3.7,9.3,-3.3,9,12.3,-0.3,9.2,33.5
2000 1Q ,12.8,10,21.7,-17.8,-18.5,2.6,11.8,15.3,12.3,8,9.1,13.8,10.2,8.7,-4.3,10.5,59.4
1999 4Q ,8.2,2.6,9.9,-16.3,-12.5,7.5,9.5,24.3,13.4,6.4,20.3,-8.9,10.7,6.4,-6.8,6.4,46
1999 3Q ,4.4,-0.3,5.3,-17.9,1.3,8.8,5.4,18.3,10.5,4.7,15.8,-7.6,4.3,-0.3,-9.1,2.8,34
1999 2Q ,1,-3.3,2.3,-17.7,-12.2,3.6,2.9,13.9,6.1,4.5,9.9,-3.2,-3.8,-0.6,-8.7,0.2,13.4
1999 1Q ,-5.8,-6.9,-6.8,-9.6,2.7,-11.1,-4.7,-1.5,4.3,-3.3,6.9,-18.1,-8.2,0.2,-7.6,-5.5,-10.4
1998 4Q ,-7.8,-8.6,-8.2,-10.3,-5.3,-17.2,-6.8,-5.3,-6.3,-6.8,0.7,-2.6,-14.1,-7.6,0.4,-7.1,-21.1
1998 3Q ,-6.2,-5,-4.7,-4.5,-9.5,-21.6,-5.8,-12.1,-0.6,-9.5,-1.5,-5.4,-9.3,0.9,3.9,-5.1,-21.9
1998 2Q ,-2.7,2.4,0,8.1,11.4,-24.1,-3.2,-8.9,-1.7,-6.4,2.2,-7.2,-0.4,4.7,7.2,-0.9,-25.7
1998 1Q ,3.5,11.9,10.2,15.6,20.1,-13.5,0.4,-3.9,0.3,-2.7,9.1,-4.4,2.9,8.3,9.3,4.4,-11.8
1997 4Q ,8,10.6,8.3,16.4,19.4,-8.7,7.2,-4.5,6.7,5.6,9.1,16.9,10.7,8.2,8.7,8.4,1.6
1997 3Q ,12.8,15,12.9,22.4,15.3,-7.2,12.1,6.4,5.4,10.5,15.7,28.9,10.7,8.3,9.7,13,10.4
1997 2Q ,11,5.8,2.9,13.1,16.7,1,12.5,7.7,6.6,9.2,15.6,32.5,6.1,10.4,10.2,10.1,24.5
1997 1Q ,6.2,-0.7,-5.4,12,19.3,3.5,10.6,4.6,4.2,7.4,8.1,27.1,9.1,9.3,10.7,6.7,-2.3
1996 4Q ,7.7,5.5,1.3,21,9.7,10.9,9.3,10,5.7,5.1,8.3,12.7,9.2,10,12,8.1,0.3
1996 3Q ,5.7,3.3,-2.5,20.7,28.1,14,6.8,6.8,0.8,2.1,5.1,4.4,11.9,12.3,12.9,5.9,3.7
1996 2Q ,10.2,10.3,6.2,26.2,15.6,18.2,10.3,10,4.6,7.7,8.5,7,17.9,13,12.8,10.4,7.7
1996 1Q ,13.3,20,18.9,29,4.6,9.1,12.8,14.9,5.4,10.4,7.9,10.7,19.2,15.1,14.2,15.2,-8.1
1995 4Q ,10.2,14.7,15,12,24.4,-5.4,8,10.3,5.7,9.7,18.3,3.2,16.1,1.5,17.2,10.6,4.4
1995 3Q ,10.4,11.8,13.4,8.6,3.5,-5.8,11.1,13.6,9,9.9,15.3,4.7,17.2,9.6,15.6,11.5,-3
1995 2Q ,11.7,10.1,10.3,9.9,9.8,-9.2,11.9,12.7,13.8,9.1,12.1,7.4,18.3,7.5,12.7,11.3,17.6
1995 1Q ,10,7.3,10,-0.9,3.9,-9.6,9,12.4,10,4.7,17.6,-1.1,13.6,10.1,10.9,8.5,31
1994 4Q ,13.1,11.7,11.6,14.8,0.8,15.3,11.9,13.1,13.6,4.5,8.2,-6.5,28.6,19.8,23.1,12.2,29.5
1994 3Q ,16.3,11.7,10.7,16.6,8.3,12.2,15.1,14,11.9,6.4,13.1,13.3,26,14.8,22.5,14.2,49.9
1994 2Q ,14,13,13.1,12.6,12.9,14.1,12.6,14.4,9.6,4.2,13.1,6.7,19.9,16.4,24.4,13.2,28.3
1994 1Q ,16.6,11.5,8.2,22.1,22.5,19.3,17.2,13.5,13.9,8.5,13.4,25.1,22.5,14.5,23.7,15.5,32.9
1993 4Q ,16.8,11.1,10.8,8,30,4.8,18.3,22.5,16.1,10.6,21.3,26.5,13.5,12.1,16.1,15.7,38.7
1993 3Q ,15.3,16.1,16.7,13.1,18.9,8.7,13.5,22.9,12,7.6,18.8,11.1,11,9.6,15.1,14.5,29.9
1993 2Q ,16,16.6,18.4,12,10.2,0.2,14.6,21.3,12.5,6.6,20.2,17.1,11.5,9.3,16.9,15.4,26.6
1993 1Q ,13,15.4,18.4,7.7,5.6,-8.7,10.5,20.9,4.7,4.2,9.9,7.5,10.8,10.3,18,12.4,23.2
1992 4Q ,10.1,12.6,12.8,16.4,-1.3,-15.2,8.6,6.2,-4.1,3.4,13.5,22.9,11.9,7.8,9.6,9.9,12.3
1992 3Q ,7.6,6.2,3.5,22.1,-0.2,-19,7.1,-0.2,-1.6,4.7,10.8,16.6,13.9,9.1,10.2,6.9,21.7
1992 2Q ,6.9,5.7,0.7,32.9,6.7,-16.4,5.6,-1.1,-3.4,6.7,13.3,8.4,15.6,9.2,9.7,5.8,36
1992 1Q ,7.8,2.6,-3.7,31,14.3,-8,8,-1.6,10.7,16.5,22.5,4.9,14.8,8.1,14.6,6.3,41
1991 4Q ,10.7,13.5,9.4,37.6,10,-19.9,8.3,9.9,17.6,4.6,15,-7,11.3,11.8,12.2,10.1,23.5
1991 3Q ,12.4,15.6,13,38.2,2.6,-11.8,9.9,18.4,19.3,6.1,21.3,-7.6,10.9,10.6,9.8,11.8,26.1
1991 2Q ,11.5,16.9,17.4,23.4,-0.1,-7.7,10.1,13.5,16.1,4.6,20.1,-1.6,12.1,12.3,7.2,12.2,-2.8
1991 1Q ,11.1,25,27.2,27.2,0,-15.2,8.2,11.3,5.7,-2.8,12.4,2.4,13.9,12.6,3.3,13.3,-22.8
1990 4Q ,12.5,11.8,12.4,13.7,0.2,7.9,16.2,23.9,6.3,6.9,17,25.5,17.6,10.8,-1.8,14.1,-14.2
1990 3Q ,13.6,11,11.6,5.5,19.7,1.7,16.1,14.9,6,7.9,19.5,31,14.9,15.3,7.1,14,3.4
1990 2Q ,15,9.2,8.4,9.7,18.1,6.1,17.8,20.8,11.4,16.8,14.9,23,22.4,11.3,12.1,14.6,24.6
1990 1Q ,19.5,9.4,11.2,6.3,-2.4,2.3,27.2,61.8,14.1,21.8,19.5,36.2,22.5,7.2,15.5,20.6,3.9
1989 4Q ,13.9,10.6,11,16.9,-5,-1.2,14.3,9.2,15.4,24.7,16,13,25.8,8.4,16.7,13.1,30.4
1989 3Q ,14.4,6.8,8,7.2,-6.4,-0.9,18.6,13.9,13.1,25.3,18.7,13.9,32.7,23.2,21,14.3,15.4
1989 2Q ,15.6,9.3,12.6,0.4,-5.1,-8.4,18.6,13.3,15,19.8,22.3,19.7,28.1,18.9,16.7,15.1,26.4
1989 1Q ,15.2,12.1,14.4,4.6,7.4,2.4,13.4,-0.2,14.7,18.2,17.6,14.1,22.2,15.6,10.7,12.8,61.6
1988 4Q ,18.1,17.1,20.2,3.5,19.9,-6.5,17.7,16.6,15.4,16.9,24.7,12.4,15.1,27.9,13,17.3,38.3
1988 3Q ,17.7,22.6,29.4,-3.7,27.1,-12.6,15.5,18.9,20.1,16.1,15.3,0.9,35.9,11.3,4.6,17.6,21.5
1988 2Q ,17,21.4,30.1,-6.9,21.2,-11.6,14.3,18.9,17.4,16.9,17.5,4.7,34.6,1.8,5.8,16.4,35.2
1988 1Q ,16.1,20.1,29.3,-3.3,9.4,-13.8,12.5,17.1,16.8,17.7,27.9,6.8,16.8,2.2,21.5,15.4,32.4
1987 4Q ,14.2,13.1,20.8,-2.2,-10.3,-15.6,13.7,15.2,15.7,12.1,15.2,18.9,10,7.9,14.2,13.5,32.2
1987 3Q ,14,11.3,19.7,0.9,-22.5,-14.3,13.5,15.4,10.9,8.9,21.8,28.2,4.3,3.1,22.7,13,39.8
1987 2Q ,10.3,5.7,16.6,-14.9,-13.6,-11.4,11.1,15.6,5.1,6.5,13.3,24.6,-0.8,7.2,36.4,10,18.7
1987 1Q ,6.7,6.1,17,-18.7,12.2,-16.4,6.1,2.8,10.3,2.6,4,11.3,1.6,4.5,20.4,6.6,10.7
1986 4Q ,8.5,14.7,28.9,-21.9,46.4,-15.2,5.7,7.3,4.5,0.5,9.1,-0.6,23.7,1.4,5.5,8.6,5.8
1986 3Q ,0.7,5.4,18.7,-27.8,42.7,-23.6,-1.2,2.5,1.3,1.6,-1.6,-2.2,-3,-5.9,0.3,1.2,-11.5
1986 2Q ,-2.2,2.4,8,-13.3,31.3,-24.3,-4.2,-2.5,1.3,-4.2,-0.8,-8.4,-13.8,1,0.1,-1.7,-14
1986 1Q ,-6.4,-11.6,-4.7,-26.2,6.4,-24.5,-4.7,-9,-3.4,-4.2,0.2,-6.8,-9.7,4.6,17.8,-6.5,-3.9
1985 4Q ,-8.1,-19.4,-15.2,-29.7,-3.2,-22.2,-2.6,-12.8,3.8,-1.8,-5.5,6,-18.6,7.7,24.7,-8.1,-9.2
1985 3Q ,-4.2,-12.5,-9.8,-19.8,0.4,-12.5,-0.6,-9.5,6.5,-2.5,-0.1,8.1,-14.2,5.3,22.9,-4.4,1.7
1985 2Q ,-0.4,-10,-7.2,-17.6,6.2,-14.9,5.3,-0.8,1.1,-1.2,2.7,16.2,1.6,12.2,16,-0.3,-3.6
1985 1Q ,5.1,0.8,1.5,-0.8,10.6,-13.3,8,0,5.2,-0.6,9,15.9,8.5,15,0.6,5.1,5
1984 4Q ,7.8,8.4,9.8,7,9.1,-4.2,6.5,1.8,5.6,1,11.3,15.7,0.4,11,37.5,7.9,4.7
1984 3Q ,8.9,9.4,6.6,15.8,11.5,-1,6.9,1.5,2.2,0.5,11.6,16.7,3.6,13.7,41.4,8.6,16.2
1984 2Q ,9.6,12.3,10.7,18.2,6.7,-1.7,6.8,2.1,8.9,1.3,9.4,10.4,4.5,10.5,34.8,9.6,11
1984 1Q ,12.6,16.9,10.5,32.9,11.6,5.2,9.4,4.2,10.1,0.4,10.4,17.7,7.5,11.9,33.6,12.7,12.5
1983 4Q ,11.1,18.5,14.2,32.5,9.4,-2.5,5.9,6.7,13.2,2.6,1.8,0,8.2,4.2,42.9,10.9,16.4
1983 3Q ,13.7,16.4,10.9,32.4,17.1,-5.2,11.2,5.3,16.7,2.4,8.4,7,12.4,22.3,40.6,13.6,16.6
1983 2Q ,13.8,17.7,9.3,39.7,22.7,5.6,10.4,2.3,17.1,5.1,11.1,14,9.3,14.1,40.1,13.6,18.1
1983 1Q ,9.3,7,-2.9,36,15.4,-4.2,9.1,1.7,9.7,5.3,2.3,12.6,9,19.9,38.8,8.9,21.8
1982 4Q ,10.5,1.9,-9.8,36,23.5,-6.2,16.1,8.2,4.2,10.3,13.7,19.4,25.1,34.6,-1.9,10.4,13.5
1982 3Q ,9.8,7.1,-6.1,53.9,28.3,4,12.4,7.8,6.7,11.9,-0.1,13.8,20.6,22.5,-4.6,10,4.3
1982 2Q ,12.3,8.9,-2.9,53.8,25.5,1.1,15.1,6.5,9.4,15.9,6.6,14.8,30.3,26.8,-5.6,12.3,12.6
1982 1Q ,15.6,16.3,8.1,46.6,26.5,14.4,16.7,8.5,13.4,18.9,10.5,17.2,31.6,21.7,-5.8,16,5.5
1981 4Q ,17.8,18.7,13.9,47.4,-6.2,18.1,17.2,1.1,15.5,16.4,15.6,34.3,39.8,14.5,32.9,18,12.7
1981 3Q ,18.5,17.9,17.5,34.7,-15.9,12.9,18.9,0.7,13.6,18.9,29.3,38.3,43.3,17.7,31.2,18.7,13.8
1981 2Q ,16.8,13,13.4,26.8,-20.5,8.8,19.1,3.1,18.6,18.8,17.8,39.5,36.1,15.8,30,17,13.2
1981 1Q ,15.9,12.8,10.6,27.9,-2.1,14.8,17.4,5.9,9.8,19.4,15.7,36.8,36.4,14.5,28.2,15.9,15.8
1980 4Q ,19.5,21.6,19,33.1,26.3,15.2,19.2,8.1,20.9,24.2,20.1,40.1,26.6,14.2,3.5,19.8,11.8
1980 3Q ,21.2,25.6,23.9,32.9,34.7,16.8,19.4,6.6,24.7,28.6,15.9,44,25.9,10.5,3.4,21.3,17.6
1980 2Q ,23.4,31.8,31.6,28.6,48.1,24.7,19.4,10.5,19.3,26.6,22.1,42.1,22.1,11.9,5.6,23.6,18
1980 1Q ,26.2,37.7,44.1,28.9,8.3,21.4,20.9,11.5,24.1,26.6,26.1,43.1,21,13.2,6.7,26.3,24
1979 4Q ,17.5,24.5,28.6,13,16.3,16,13.4,11.9,9.2,22.7,9.2,19.6,16.7,12,10,17.1,25.8
1979 3Q ,16.3,23.2,27.5,10.6,19.9,9,12.7,11.2,8.7,16.9,11.8,20.5,12.8,13.6,10.2,16.3,17.1
1979 2Q ,15.6,21.3,26.3,8.8,13.9,5.7,12.8,10.5,13.2,18.6,13.2,18.8,13.3,9.1,8.3,15.6,16.6
1979 1Q ,11.3,12.9,15.1,5.1,24.1,-2.6,10.5,7.2,11.8,14.5,18.1,16.9,8.9,8.2,8,11.2,13.2
1978 4Q ,14.7,15.5,21.8,0.7,18,-7.3,14.5,8.7,19.9,16.5,30.8,31.1,4.9,11.7,6.1,14.7,14
1978 3Q ,12.5,8.7,15,-11.2,20.6,-4.2,14.8,11,22.4,17.5,35.5,20.7,6.8,9.8,7.9,12.5,14.8
1978 2Q ,10.4,7.4,12.4,-7.7,16.1,-3.9,12.2,7,25.7,15.4,34.7,14.7,4.1,6.7,7.1,10.4,12.3
1978 1Q ,10.6,7.7,13.6,-8.6,18.9,-9.3,12.1,10.4,24.8,17.2,8,11.8,4.9,6.5,8.5,10.5,13.8
1977 4Q ,8.8,6.5,8.1,-0.1,7.3,11.8,10.1,11.2,21.5,14,27.5,-0.6,4.6,4.1,7.8,8.8,10
1977 3Q ,8.5,6.8,10.3,-1.8,3,5.5,8.9,8.9,19.1,13.3,12.5,5.2,2.2,3.7,7,8.1,19.5
1977 2Q ,9.5,9.5,15.2,-2.7,7.4,0.8,9.2,9.4,14.4,13.7,10.5,9,6.9,4,9.9,9.4,12.7
1977 1Q ,9.3,10,13.3,2.5,7.4,6.8,8.8,10.2,13.3,9.4,31.3,2.6,4.9,4.8,8.4,9.2,10.8
1976 4Q ,8.1,6.2,10.7,-1.6,0.7,-5.2,9.1,8.1,20.6,9.7,6.3,10.9,3.8,4.4,7.2,8,9.7
1976 3Q ,9.3,11.3,11.8,12.2,10.2,3.2,8.4,6,17.7,9.3,19.4,11.3,3.6,4,6.2,9.4,6.9
1976 2Q ,9.5,14.4,14.5,17.6,7.9,7.5,6.8,0.9,18,9,16.8,10.2,2.8,7.2,6.9,9.4,12.2
1976 1Q ,10.5,15,13.7,18.9,19.7,10.4,8.2,0.7,25,11.3,2,8.6,7.6,8.8,9.1,10.4,11